Species,Barcode,State,Variegation,Long_petiole_hair,Short_petiole_hair,Upper_lamina_hair,Tooth_length,Tooth_Width,Flower_length,Hypanthium_long,Hypanthium_short,Flower_width,Stamen_length,Style_length,Pedicel_lengths,Cymule_branches,Thyrse_length
Heuchera americana var. americana,E8,Alabama,None,0.000,0.000,0.000,0.816,3.900,2.916,0.773,0.715,3.050,3.692,3.155,5.317,28.400,589.418
Heuchera americana var. americana,E8,Alabama,Medium,0.000,0.000,0.000,0.532,2.441,2.965,1.079,0.830,3.118,2.414,2.050,5.642,27.811,
Heuchera americana var. americana,E8,Alabama,None,0.000,0.000,0.000,1.558,5.374,2.639,0.855,0.750,2.560,3.712,2.681,4.326,24.450,
Heuchera americana var. americana,E9,Alabama,Low,0.000,0.000,0.000,2.399,5.684,2.143,0.628,0.535,2.224,2.732,3.362,5.567,20.313,776.406
Heuchera americana var. americana,E9,Alabama,Low,0.000,0.000,0.000,1.599,4.380,2.812,1.222,1.151,1.487,2.125,3.250,4.221,21.191,609.138
Heuchera americana var. americana,E9,Alabama,None,0.000,0.000,0.000,0.700,3.184,2.320,1.066,0.950,1.176,3.186,3.021,2.128,16.477,
Heuchera americana var. americana,E15,Alabama,Low,0.000,0.000,0.000,1.204,2.905,2.737,1.214,1.154,2.149,3.390,4.275,5.123,18.311,515.978
Heuchera americana var. americana,E15,Alabama,None,0.000,0.000,0.000,0.972,2.635,2.447,0.864,0.612,1.794,3.590,3.226,2.747,19.195,481.688
Heuchera americana var. americana,E15,Alabama,None,0.000,0.000,0.000,1.063,2.983,2.779,1.033,0.969,2.377,3.578,3.782,6.169,18.229,
Heuchera americana var. americana,E1450,Georgia,None,0.000,0.000,0.000,2.398,5.669,3.181,1.999,1.727,2.055,3.272,4.220,5.553,13.609,
Heuchera americana var. americana,E1450,Georgia,None,0.000,0.000,0.000,2.493,4.222,3.004,1.611,1.437,2.287,3.395,2.990,4.453,14.900,
Heuchera americana var. americana,E1450,Georgia,None,0.000,0.000,0.000,2.280,4.563,3.153,1.442,1.096,2.079,2.682,2.972,3.152,13.273,527.683
Heuchera americana var. americana,E1454,Georgia,None,0.000,0.000,0.000,2.139,6.516,3.591,1.372,1.365,2.008,2.791,3.909,5.187,28.128,673.496
Heuchera americana var. americana,E1454,Georgia,None,0.000,0.000,0.000,2.225,5.898,3.675,1.580,1.256,1.846,3.245,3.172,6.154,23.972,748.448
Heuchera americana var. americana,E1454,Georgia,,0.000,0.000,0.000,1.992,6.681,3.532,1.443,1.409,2.115,3.608,4.044,8.323,37.631,
Heuchera americana var. americana,E1456,Georgia,None,0.000,0.000,0.000,3.003,5.906,4.080,1.673,1.197,2.196,4.092,3.625,8.485,42.961,
Heuchera americana var. americana,E1456,Georgia,Low,0.000,0.000,0.000,3.254,7.185,3.474,1.764,1.423,2.090,3.259,3.183,11.193,36.381,
Heuchera americana var. americana,E1456,Georgia,Medium,0.000,0.000,0.000,3.267,5.758,3.254,1.712,1.600,2.266,3.404,3.747,10.456,34.736,
Heuchera americana var. americana,E1457,Kentucky,,0.000,0.000,0.000,1.250,5.000,2.671,1.180,1.019,1.740,3.662,3.559,4.587,16.037,781.367
Heuchera americana var. americana,E1457,Kentucky,Medium,0.000,0.000,0.000,1.675,7.499,3.030,1.064,0.972,1.990,2.582,2.913,5.700,56.379,
Heuchera americana var. americana,E1457,Kentucky,High,0.000,0.000,0.000,1.194,5.777,3.017,1.009,0.949,1.697,3.375,3.630,8.775,26.955,
Heuchera americana var. americana,E1458,Kentucky,Medium,0.000,0.000,0.000,2.779,6.035,4.189,1.592,1.351,1.910,3.700,5.568,5.857,23.795,745.756
Heuchera americana var. americana,E1458,Kentucky,Medium,0.000,0.000,0.000,2.750,4.751,3.910,1.109,0.794,2.314,4.690,4.609,6.706,18.246,590.999
Heuchera americana var. americana,E1458,Kentucky,Low,0.000,0.000,0.000,2.047,4.114,4.201,1.661,1.516,2.227,4.148,4.075,5.053,14.175,
Heuchera americana var. americana,E1522,Maryland,None,0.000,0.000,0.000,,,,,,,,,,,
Heuchera americana var. americana,E1522,Maryland,None,0.000,0.000,0.000,,,,,,,,,,,
Heuchera americana var. americana,E1522,Maryland,None,0.000,0.000,0.000,,,,,,,,,,,
Heuchera americana var. americana,E1682,New Jersey,None,0.000,0.000,0.000,2.678,5.201,,,,,,,12.923,18.338,
Heuchera americana var. americana,E1682,New Jersey,None,0.000,0.000,0.000,1.550,3.232,,,,,,,7.732,17.464,
Heuchera americana var. americana,E1682,New Jersey,None,0.000,0.000,0.000,3.339,6.292,,,,,,,5.767,13.626,754.337
Heuchera americana var. americana,E1870,North Carolina,None,0.000,0.000,0.000,2.313,7.323,4.095,1.820,1.601,1.911,2.921,4.274,5.861,10.889,
Heuchera americana var. americana,E1870,North Carolina,None,0.000,0.000,0.000,2.018,8.625,4.001,1.457,1.112,2.069,3.512,3.325,2.942,23.560,829.123
Heuchera americana var. americana,E1870,North Carolina,None,0.000,0.000,0.000,1.154,3.640,4.224,1.483,1.201,2.315,3.993,3.094,5.005,11.374,
Heuchera americana var. americana,E1857,North Carolina,None,0.000,0.000,0.000,2.494,4.969,,,,,,,5.046,21.062,590.412
Heuchera americana var. americana,E1857,North Carolina,None,0.000,0.000,0.000,3.299,6.564,,,,,,,2.431,11.128,543.318
Heuchera americana var. americana,E1857,North Carolina,None,0.000,0.000,0.000,1.468,4.775,,,,,,,2.293,9.219,
Heuchera americana var. americana,E1900,North Carolina,Low,0.000,0.000,0.000,1.955,5.687,3.840,1.626,1.179,2.389,3.471,3.840,3.858,10.319,945.758
Heuchera americana var. americana,E1900,North Carolina,None,0.000,0.000,0.000,1.501,5.978,4.418,1.107,0.764,3.023,3.417,3.758,6.574,9.232,
Heuchera americana var. americana,E1900,North Carolina,Low,0.000,0.000,0.000,1.488,5.365,4.997,1.434,1.428,2.537,3.263,4.008,5.134,11.591,
Heuchera americana var. americana,E1687,Oklahoma,None,0.000,0.000,0.000,2.455,7.657,4.190,0.925,0.796,2.870,5.210,4.333,4.232,7.429,579.622
Heuchera americana var. americana,E1687,Oklahoma,,0.000,0.000,0.000,2.815,6.396,3.637,1.341,1.188,1.797,4.734,3.190,2.348,10.004,590.686
Heuchera americana var. americana,E1687,Oklahoma,,0.000,0.000,0.000,,,3.716,1.668,1.458,1.965,4.766,3.915,3.455,18.951,539.703
Heuchera americana var. americana,E523,Pennsylvania,None,0.000,0.000,0.000,1.571,6.192,3.664,1.361,1.036,1.500,4.252,4.474,5.041,18.446,823.122
Heuchera americana var. americana,E523,Pennsylvania,None,0.000,0.000,0.000,1.689,6.149,3.905,0.992,0.928,1.841,4.362,3.183,3.850,36.019,732.042
Heuchera americana var. americana,E523,Pennsylvania,None,0.000,0.000,0.000,1.626,5.177,4.019,1.532,1.339,1.488,4.702,3.858,6.783,33.136,
Heuchera americana var. americana,E1691,Pennsylvania,None,0.000,0.000,0.000,1.234,4.570,3.234,1.396,1.350,2.576,3.110,2.723,4.895,18.914,743.884
Heuchera americana var. americana,E1691,Pennsylvania,None,0.000,0.000,0.000,1.257,5.124,3.393,1.081,1.072,1.387,3.799,3.307,9.402,19.684,880.285
Heuchera americana var. americana,E1691,Pennsylvania,None,0.000,0.000,0.000,1.316,5.526,3.038,1.587,1.544,1.945,4.087,3.534,6.122,26.519,
Heuchera americana var. americana,E1689,Pennsylvania,None,0.000,0.000,0.000,1.473,5.631,4.600,1.606,1.227,2.109,3.604,3.871,8.143,61.502,665.444
Heuchera americana var. americana,E1689,Pennsylvania,None,0.000,0.000,0.000,,,,,,,,,7.339,43.118,
Heuchera americana var. americana,E1689,Pennsylvania,None,0.000,0.000,0.000,,,,,,,,,7.620,44.331,
Heuchera americana var. americana,E36,South Carolina,None,0.000,0.000,0.000,1.468,4.002,2.299,1.089,1.012,1.570,3.344,2.797,4.070,15.531,702.055
Heuchera americana var. americana,E36,South Carolina,None,0.000,0.000,0.000,1.651,3.712,2.916,1.353,1.040,1.210,3.113,3.855,5.455,11.904,
Heuchera americana var. americana,E36,South Carolina,None,0.000,0.000,0.000,1.351,3.780,2.805,0.867,0.794,2.070,2.815,3.478,2.807,12.742,
Heuchera americana var. americana,E1419,South Carolina,None,0.000,0.000,0.000,1.351,3.581,3.572,0.932,0.805,2.307,4.414,2.979,3.540,12.681,721.409
Heuchera americana var. americana,E1419,South Carolina,None,0.000,0.000,0.000,2.234,7.535,4.568,1.623,1.459,2.565,3.887,2.898,3.909,18.743,586.156
Heuchera americana var. americana,E1419,South Carolina,None,0.000,0.000,0.000,1.920,4.528,3.456,1.504,1.132,2.121,4.367,4.624,5.918,17.606,
Heuchera americana var. americana,E1422,South Carolina,,0.000,0.000,0.000,1.328,5.074,4.075,1.969,1.865,2.767,3.021,3.987,7.582,14.168,
Heuchera americana var. americana,E1422,South Carolina,,0.000,0.000,0.000,1.822,5.885,2.643,0.778,0.375,1.875,,4.138,4.742,10.563,
Heuchera americana var. americana,E1422,South Carolina,,0.000,0.000,0.000,,,,,,,,,,,
Heuchera americana var. americana,E1476,Tennessee,Low,0.000,0.000,0.000,2.174,5.455,3.822,0.694,0.573,2.645,4.750,5.240,2.416,16.421,713.468
Heuchera americana var. americana,E1476,Tennessee,Low,0.000,0.000,0.000,2.649,6.223,4.393,1.271,1.085,2.778,4.608,4.697,3.218,24.195,
Heuchera americana var. americana,E1476,Tennessee,None,0.000,0.000,0.000,2.177,4.980,3.722,0.697,0.482,2.525,4.599,4.124,3.123,20.695,
Heuchera americana var. americana,E1692,Texas,,0.000,0.000,0.000,1.567,3.776,4.680,1.314,1.233,2.491,4.919,4.815,2.473,15.706,
Heuchera americana var. americana,E1692,Texas,,0.000,0.000,0.000,1.215,3.878,4.636,1.087,0.808,2.563,5.041,4.279,6.494,19.300,
Heuchera americana var. americana,E1692,Texas,,0.000,0.000,0.000,1.457,3.746,4.966,1.707,1.618,2.859,4.941,4.961,3.492,15.236,
Heuchera americana var. brevipetala,E1517,Arkansas,None,0.000,0.000,0.000,4.327,10.264,3.404,1.176,1.105,1.745,4.757,,3.593,21.429,611.546
Heuchera americana var. brevipetala,E1517,Arkansas,,0.000,0.000,0.000,3.832,9.113,3.540,1.609,1.476,1.449,4.291,3.814,2.482,16.744,655.952
Heuchera americana var. brevipetala,E1517,Arkansas,,0.000,0.000,0.000,6.490,10.680,4.019,0.960,0.916,3.564,4.196,3.876,3.805,13.739,696.427
Heuchera americana var. brevipetala,E1518,Arkansas,Low,0.000,0.000,0.000,2.511,7.423,4.350,1.779,1.745,2.675,3.216,3.290,2.664,18.072,709.482
Heuchera americana var. brevipetala,E1518,Arkansas,,0.000,0.000,0.000,1.613,5.944,4.730,1.611,1.399,2.806,2.945,4.712,2.511,32.643,
Heuchera americana var. brevipetala,E1518,Arkansas,,0.000,0.000,0.000,1.913,7.251,,,,,,,,12.417,
Heuchera americana var. brevipetala,E1465,Kentucky,None,0.000,0.000,0.000,2.575,5.524,3.411,0.423,0.386,2.605,2.685,2.127,5.625,13.703,662.319
Heuchera americana var. brevipetala,E1465,Kentucky,None,0.000,0.000,0.000,1.196,3.608,2.911,0.889,0.883,2.396,3.463,2.852,5.389,20.375,581.949
Heuchera americana var. brevipetala,E1465,Kentucky,,0.000,0.000,0.000,1.493,4.932,2.960,0.898,0.629,2.238,4.297,3.327,3.170,12.349,
Heuchera americana var. brevipetala,E443,Kentucky,High,0.000,0.000,0.000,1.523,5.595,3.603,1.907,1.905,1.454,3.708,3.449,2.199,26.120,792.803
Heuchera americana var. brevipetala,E443,Kentucky,High,0.000,0.000,0.000,2.495,6.623,3.342,1.179,0.954,2.490,4.032,,4.203,15.402,
Heuchera americana var. brevipetala,E443,Kentucky,Medium,0.000,0.000,0.000,1.325,4.380,,,,,3.938,,3.396,13.666,
Heuchera americana var. brevipetala,E1464,Kentucky,None,0.000,0.000,0.000,4.295,7.837,4.197,,,1.273,3.177,4.271,3.686,10.390,
Heuchera americana var. brevipetala,E1464,Kentucky,None,0.000,0.000,0.000,3.683,5.894,4.884,1.414,1.176,2.531,4.111,3.999,6.633,10.687,
Heuchera americana var. brevipetala,E1464,Kentucky,None,0.000,0.000,0.000,1.302,4.277,4.350,1.845,1.661,2.732,3.986,4.228,4.464,5.711,478.970
Heuchera americana var. brevipetala,E520,Louisiana,None,0.000,0.000,0.000,3.094,5.585,4.077,1.295,1.047,2.220,3.781,4.639,6.680,8.948,
Heuchera americana var. brevipetala,E520,Louisiana,None,0.000,0.000,0.000,3.180,6.877,4.599,2.309,1.663,1.492,3.796,2.391,5.411,7.762,
Heuchera americana var. brevipetala,E520,Louisiana,None,0.000,0.000,0.000,2.923,6.930,3.772,1.583,1.426,1.522,3.382,,4.614,9.504,586.104
Heuchera americana var. brevipetala,E1520,Louisiana,None,0.000,0.000,0.000,1.463,3.641,4.113,1.079,0.837,2.426,3.511,5.248,5.561,11.415,621.041
Heuchera americana var. brevipetala,E1520,Louisiana,None,0.000,0.000,0.000,2.663,5.432,4.255,1.585,1.251,2.659,5.501,4.733,5/939,11.282,
Heuchera americana var. brevipetala,E1520,Louisiana,None,0.000,0.000,0.000,,,3.961,1.642,0.919,1.960,4.013,3.552,3.062,10.647,
Heuchera americana var. brevipetala,E1521,Maryland,None,0.000,0.000,0.000,1.405,4.106,3.417,,,2.952,3.813,3.501,3.410,13.284,702.216
Heuchera americana var. brevipetala,E1521,Maryland,Low,0.000,0.000,0.000,2.362,5.252,,,,,,,,,
Heuchera americana var. brevipetala,E1521,Maryland,Low,0.000,0.000,0.000,1.053,3.008,,,,,,,,,
Heuchera americana var. brevipetala,E1469,Tennessee,None,0.000,0.000,0.000,3.406,7.439,3.487,1.055,0.821,2.159,4.069,3.469,2.366,23.083,401.698
Heuchera americana var. brevipetala,E1469,Tennessee,Low,0.000,0.000,0.000,2.221,6.593,2.793,0.840,0.804,2.433,3.771,4.157,2.607,13.640,861.709
Heuchera americana var. brevipetala,E1469,Tennessee,None,0.000,0.000,0.000,2.139,3.207,2.593,0.993,0.886,1.524,4.515,3.548,2.400,12.630,847.381
Heuchera americana var. brevipetala,E1474,Tennessee,None,0.000,0.000,0.000,,,3.792,1.593,1.308,1.974,3.421,3.112,3.676,11.606,
Heuchera americana var. brevipetala,E1474,Tennessee,None,0.000,0.000,0.000,,,3.010,0.727,0.712,2.492,3.255,4.613,2.681,11.928,
Heuchera americana var. brevipetala,E1474,Tennessee,Low,0.000,0.000,0.000,,,2.992,1.375,1.192,1.430,2.882,5.830,4.159,12.566,870.557
Heuchera americana var. brevipetala,E1471,Tennessee,None,0.000,0.000,1.550,1.518,4.582,,,,,,,,,
Heuchera americana var. brevipetala,E1471,Tennessee,None,0.000,0.000,0.939,1.574,3.823,,,,,,,,,
Heuchera americana var. brevipetala,E1471,Tennessee,None,0.000,0.000,0.749,1.782,5.259,,,,,,,,,
Heuchera americana var. brevipetala,E1473,Tennessee,None,0.000,0.000,,1.547,5.347,3.024,1.086,1.085,2.377,3.456,2.667,2.222,19.102,
Heuchera americana var. brevipetala,E1473,Tennessee,None,0.000,0.000,,1.359,4.777,3.010,1.498,1.264,1.862,3.897,2.884,3.803,14.914,
Heuchera americana var. brevipetala,E1473,Tennessee,None,0.000,0.000,,1.256,5.642,3.749,0.920,0.654,2.805,3.692,2.850,2.299,12.202,
Heuchera americana var. brevipetala,E494,Texas,None,0.000,0.000,0.000,3.211,7.867,3.862,1.217,0.751,2.831,4.810,4.268,2.912,12.845,926.269
Heuchera americana var. brevipetala,E494,Texas,None,0.000,0.000,0.000,1.919,6.289,4.306,1.889,1.847,2.624,3.912,3.876,3.248,13.007,
Heuchera americana var. brevipetala,E494,Texas,None,0.000,0.000,0.000,1.467,6.288,,,,,4.612,4.618,3.723,12.892,
Heuchera americana var. brevipetala,E491,Texas,None,0.000,0.000,0.000,2.791,5.317,3.046,1.516,1.283,1.846,3.491,2.654,4.116,18.538,
Heuchera americana var. brevipetala,E491,Texas,None,0.000,0.000,0.000,2.504,6.349,3.247,,,2.313,2.996,2.624,5.546,17.846,
Heuchera americana var. brevipetala,E491,Texas,None,0.000,0.000,0.000,2.257,4.603,4.473,1.760,1.694,2.095,2.661,,4.630,15.507,
Heuchera americana var. brevipetala,E1519,Georgia,None,2.874,0.504,0.000,2.791,5.317,,,,,,,,,
Heuchera americana var. brevipetala,E1519,Georgia,None,,,0.000,2.504,6.349,,,,,,,,,
Heuchera americana var. brevipetala,E1519,Georgia,None,,,0.000,2.257,4.603,,,,,,,,,
Heuchera americana var. calycosa,E1579,Alabama,None,0.000,0.000,0.000,1.984,3.918,4.111,1.447,1.264,2.058,3.029,2.431,2.356,10.217,819.070
Heuchera americana var. calycosa,E1579,Alabama,None,0.000,0.000,0.000,2.243,3.847,3.293,1.277,1.138,1.086,2.628,2.871,5.896,12.718,
Heuchera americana var. calycosa,E1579,Alabama,None,0.000,0.000,0.000,2.100,3.956,3.656,1.651,1.257,1.709,3.162,2.958,2.226,11.783,
Heuchera americana var. calycosa,E502,Alabama,None,0.000,0.000,0.000,1.736,5.273,3.133,0.709,0.474,1.993,3.698,2.575,3.040,22.253,961.619
Heuchera americana var. calycosa,E502,Alabama,None,0.000,0.000,0.000,1.279,4.116,3.709,0.896,0.559,2.392,2.778,3.551,3.607,18.008,655.323
Heuchera americana var. calycosa,E502,Alabama,Low,0.000,0.000,0.000,2.550,5.529,3.390,0.880,0.608,2.551,2.373,3.453,4.005,21.522,
Heuchera americana var. calycosa,E522,Alabama,Low,0.000,0.000,0.000,1.203,4.724,3.211,0.949,0.749,2.463,2.428,2.753,1.644,27.017,936.630
Heuchera americana var. calycosa,E522,Alabama,None,0.000,0.000,0.000,1.194,4.327,2.468,0.816,0.776,1.592,2.478,2.836,2.681,20.802,847.240
Heuchera americana var. calycosa,E522,Alabama,None,0.000,0.000,0.000,1.045,3.581,,,,,2.305,2.687,2.705,25.487,673.393
Heuchera americana var. calycosa,E514,Georgia,None,0.000,0.000,0.000,1.042,4.331,4.008,0.971,,1.952,4.284,3.254,5.446,16.496,892.920
Heuchera americana var. calycosa,E514,Georgia,None,0.000,0.000,0.000,1.539,3.833,4.258,1.617,1.174,2.651,2.975,3.459,3.233,14.373,814.082
Heuchera americana var. calycosa,E514,Georgia,None,0.000,0.000,0.000,1.516,3.513,4.146,1.375,1.114,2.707,3.657,,6.186,10.852,
Heuchera americana var. calycosa,E512,Tennessee,None,0.000,0.000,0.000,0.925,4.399,3.474,0.967,,1.550,4.107,3.112,3.677,12.242,888.294
Heuchera americana var. calycosa,E512,Tennessee,None,0.000,0.000,0.000,,,3.802,1.173,0.869,2.404,3.028,3.033,5.336,10.022,
Heuchera americana var. calycosa,E512,Tennessee,,0.000,0.000,0.000,,,3.256,0.806,0.696,2.533,2.553,3.936,3.975,16.290,
Heuchera americana var. calycosa,E515,Tennessee,None,0.871,0.479,1.420,1.042,4.331,3.034,1.269,1.262,1.277,2.088,2.537,1.987,24.424,578.251
Heuchera americana var. calycosa,E515,Tennessee,None,,,,1.539,3.833,2.890,0.494,0.475,2.079,2.173,,2.968,24.019,629.832
Heuchera americana var. calycosa,E515,Tennessee,,,,,1.516,3.513,,,,,,,,24.904,
Heuchera americana var. calycosa,E518,Tennessee,None,0.000,0.000,0.000,1.218,3.188,2.624,0.869,0.613,1.596,3.830,,5.921,27.062,1012.704
Heuchera americana var. calycosa,E518,Tennessee,Low,0.000,0.000,0.000,2.022,5.599,4.003,1.277,1.038,1.616,4.837,2.855,5.333,23.223,
Heuchera americana var. calycosa,E518,Tennessee,Medium,0.000,0.000,0.000,1.245,3.513,4.032,0.759,0.531,2.808,4.533,1.862,3.596,32.379,
Heuchera americana var. hirsuticaulis,E501,Arkansas,None,0.609,0.434,0.000,2.099,4.629,3.937,2.047,1.678,2.197,3.503,4.199,7.345,31.937,701.474
Heuchera americana var. hirsuticaulis,E501,Arkansas,None,0.681,0.502,0.000,2.379,5.157,3.957,1.512,0.783,2.643,3.655,,3.615,22.692,525.048
Heuchera americana var. hirsuticaulis,E501,Arkansas,None,0.863,0.504,0.000,1.702,3.513,3.717,1.475,1.200,2.563,2.315,3.150,3.071,15.908,
Heuchera americana var. hirsuticaulis,E1528,Arkansas,None,1.556,0.819,0.000,1.444,7.223,3.677,1.961,1.580,1.459,4.560,5.107,1.860,8.157,567.133
Heuchera americana var. hirsuticaulis,E1528,Arkansas,None,1.513,0.766,0.000,1.687,6.635,3.646,1.344,1.174,1.183,3.227,2.196,1.469,7.058,
Heuchera americana var. hirsuticaulis,E1528,Arkansas,None,1.196,0.845,0.000,1.303,3.513,4.158,1.471,1.230,1.720,5.219,3.254,1.598,8.400,
Heuchera americana var. hirsuticaulis,E1526,Arkansas,None,1.037,0.333,0.000,2.120,4.711,3.759,1.353,1.350,2.570,3.082,4.079,1.522,9.539,557.824
Heuchera americana var. hirsuticaulis,E1526,Arkansas,None,1.090,0.439,0.000,2.196,5.397,3.591,1.522,1.326,2.154,3.552,2.834,1.177,11.338,
Heuchera americana var. hirsuticaulis,E1526,Arkansas,None,1.037,0.608,0.000,1.094,3.513,3.967,1.629,1.534,2.133,5.112,2.819,1.377,7.474,
Heuchera americana var. hirsuticaulis,E1698,Illinois,None,0.996,0.503,0.000,1.834,5.018,3.732,1.453,1.138,2.201,2.670,2.220,1.657,35.668,831.839
Heuchera americana var. hirsuticaulis,E1698,Illinois,None,0.938,0.830,0.000,2.667,6.881,3.711,1.343,1.114,2.234,2.218,2.341,2.082,29.281,776.706
Heuchera americana var. hirsuticaulis,E1698,Illinois,None,0.954,0.450,0.000,2.898,3.513,,,,,2.564,,1.738,21.696,
Heuchera americana var. hirsuticaulis,E1697,Illinois,None,1.484,0.958,0.000,0.839,2.794,,,,,,,5.071,16.716,
Heuchera americana var. hirsuticaulis,E1697,Illinois,None,1.377,0.744,0.000,1.065,2.966,,,,,,,4.007,,
Heuchera americana var. hirsuticaulis,E1697,Illinois,None,1.359,0.539,0.000,1.014,3.513,,,,,,,3.542,,
Heuchera americana var. hirsuticaulis,E1695,Illinois,None,1.411,0.689,0.000,2.343,6.475,,,,,,,,,
Heuchera americana var. hirsuticaulis,E1695,Illinois,None,1.269,0.638,0.000,1.121,4.529,,,,,,,,,
Heuchera americana var. hirsuticaulis,E1695,Illinois,None,1.579,0.460,0.000,2.040,7.357,,,,,,,,,
Heuchera americana var. hirsuticaulis,E1700,Indiana,None,1.514,0.792,0.000,4.044,5.264,4.122,1.399,1.092,2.901,3.000,4.766,3.467,15.698,629.752
Heuchera americana var. hirsuticaulis,E1700,Indiana,None,1.323,0.927,0.000,2.791,5.667,3.707,1.139,0.676,2.337,3.924,4.966,3.240,17.619,
Heuchera americana var. hirsuticaulis,E1700,Indiana,None,1.529,0.994,0.000,3.385,6.971,3.592,0.823,0.793,3.084,3.666,4.049,2.825,22.267,
Heuchera americana var. hirsuticaulis,E1702,Indiana,None,1.504,0.707,0.000,2.772,7.635,4.985,1.146,1.144,3.102,3.420,5.039,4.095,12.566,627.891
Heuchera americana var. hirsuticaulis,E1702,Indiana,None,1.853,0.892,0.000,2.378,8.133,4.419,1.306,0.819,3.196,2.935,5.347,4.222,9.632,679.411
Heuchera americana var. hirsuticaulis,E1702,Indiana,None,1.333,0.852,0.000,2.627,6.947,4.675,1.153,0.785,2.811,2.776,4.112,8.172,10.941,
Heuchera americana var. hirsuticaulis,E1699,Indiana,None,1.408,0.629,0.000,1.922,6.696,3.680,0.930,0.581,3.239,3.751,4.053,2.450,41.173,859.028
Heuchera americana var. hirsuticaulis,E1699,Indiana,None,1.193,0.615,0.000,1.957,7.235,4.345,2.181,2.158,2.133,3.401,4.772,3.505,16.625,
Heuchera americana var. hirsuticaulis,E1699,Indiana,None,1.274,0.879,0.000,2.031,6.449,3.704,2.257,1.992,2.564,3.766,4.077,3.075,32.503,
Heuchera americana var. hirsuticaulis,E1536,Kentucky,None,3.278,1.083,0.000,2.569,6.911,2.951,0.832,0.661,2.710,2.898,3.419,6.674,24.638,877.442
Heuchera americana var. hirsuticaulis,E1536,Kentucky,None,3.070,1.006,0.000,1.939,5.458,3.227,0.985,0.909,1.845,2.866,3.297,3.539,32.660,
Heuchera americana var. hirsuticaulis,E1536,Kentucky,None,2.997,0.945,0.000,2.029,6.854,3.064,1.308,1.242,1.854,2.933,2.463,6.278,24.473,
Heuchera americana var. hirsuticaulis,E1459,Kentucky,None,1.452,1.165,0.000,1.309,4.485,2.807,1.113,0.742,2.008,2.826,3.436,5.704,25.117,522.527
Heuchera americana var. hirsuticaulis,E1459,Kentucky,None,1.835,1.276,0.000,2.600,4.697,2.902,1.338,0.955,1.379,2.848,2.149,4.811,21.363,711.615
Heuchera americana var. hirsuticaulis,E1459,Kentucky,None,1.459,0.832,0.000,1.933,4.421,3.430,1.198,1.100,2.089,3.138,4.930,4.289,17.055,
Heuchera americana var. hirsuticaulis,E1537,Kentucky,None,1.873,0.841,0.899,1.242,3.382,4.013,0.833,0.682,2.238,3.156,2.534,3.805,16.451,557.098
Heuchera americana var. hirsuticaulis,E1537,Kentucky,None,2.738,0.574,0.930,1.385,5.432,3.084,0.748,0.735,1.916,3.597,2.737,6.624,18.143,
Heuchera americana var. hirsuticaulis,E1537,Kentucky,None,1.718,0.659,0.915,2.057,7.030,3.105,0.875,0.863,1.743,3.848,2.207,7.438,10.857,
Heuchera americana var. hirsuticaulis,E513,Missouri,None,1.428,0.755,0.000,0.929,3.186,3.940,1.214,0.824,2.023,4.193,3.337,4.082,9.990,658.161
Heuchera americana var. hirsuticaulis,E513,Missouri,None,1.742,0.323,0.000,2.435,7.153,3.897,1.381,1.132,1.909,4.215,4.362,5.826,14.857,
Heuchera americana var. hirsuticaulis,E513,Missouri,None,2.100,0.537,0.000,1.293,4.620,4.076,1.456,1.215,2.005,2.637,4.684,6.473,24.419,
Heuchera americana var. hirsuticaulis,E1706,Missouri,None,1.167,0.551,0.000,1.463,5.385,4.325,1.349,1.033,1.938,3.263,3.236,7.435,16.916,781.956
Heuchera americana var. hirsuticaulis,E1706,Missouri,None,1.569,0.815,0.000,1.917,4.371,3.618,0.695,0.546,2.135,3.908,4.149,3.806,8.636,730.744
Heuchera americana var. hirsuticaulis,E1706,Missouri,None,1.385,0.828,0.000,1.611,4.772,,,,,4.946,3.874,3.521,13.015,
Heuchera americana var. hirsuticaulis,E503,Missouri,None,1.712,0.703,0.000,2.139,4.314,5.162,2.442,1.808,2.861,3.422,2.941,4.902,17.943,1052.388
Heuchera americana var. hirsuticaulis,E503,Missouri,None,1.927,0.614,0.000,2.638,5.103,4.798,2.274,2.076,1.851,4.445,2.578,5.708,20.942,
Heuchera americana var. hirsuticaulis,E503,Missouri,None,2.140,0.736,0.000,2.106,3.654,5.726,0.856,0.444,4.287,5.044,3.867,4.476,17.860,
Heuchera americana var. hirsuticaulis,E1710,Oklahoma,None,1.547,0.683,0.000,1.913,4.754,4.171,,,2.361,2.723,4.067,7.715,9.874,448.356
Heuchera americana var. hirsuticaulis,E1710,Oklahoma,None,2.260,0.617,0.000,,,,,,,,,,,
Heuchera americana var. hirsuticaulis,E1710,Oklahoma,None,1.649,0.538,0.000,,,,,,,,,,,
Heuchera americana var. hirsuticaulis,E1711,Oklahoma,None,1.151,0.717,0.000,2.139,4.314,4.026,,,2.914,3.267,4.367,1.497,12.854,644.807
Heuchera americana var. hirsuticaulis,E1711,Oklahoma,None,1.293,0.692,0.000,2.638,5.103,3.790,1.561,1.505,2.112,3.951,4.168,2.102,17.837,
Heuchera americana var. hirsuticaulis,E1711,Oklahoma,None,1.167,0.756,0.000,1.253,4.342,,,,,3.314,,1.801,11.880,
Heuchera americana var. hirsuticaulis,E441,Tennessee,None,1.396,0.673,1.030,2.279,7.393,4.150,0.975,0.914,3.318,3.404,3.339,6.348,14.391,723.644
Heuchera americana var. hirsuticaulis,E441,Tennessee,None,1.146,0.606,1.008,2.080,7.213,3.728,1.008,0.530,3.096,3.261,3.777,12.105,15.402,
Heuchera americana var. hirsuticaulis,E441,Tennessee,None,1.640,0.867,1.379,1.358,5.327,3.762,0.721,0.541,3.130,3.358,3.416,4.104,15.235,
Heuchera americana var. hirsuticaulis,E442,Tennessee,None,1.135,0.831,1.035,1.301,4.443,,,,,,,,,600.359
Heuchera americana var. hirsuticaulis,E442,Tennessee,None,1.547,0.416,0.781,1.138,2.571,,,,,,,,,
Heuchera americana var. hirsuticaulis,E442,Tennessee,None,2.084,0.693,0.867,1.055,3.871,,,,,,,,,
Heuchera americana var. hirsuticaulis,E1543,Tennessee,None,1.900,0.562,0.921,1.301,4.443,3.271,1.172,1.152,2.347,3.315,3.811,2.634,11.899,631.351
Heuchera americana var. hirsuticaulis,E1543,Tennessee,None,1.865,0.651,0.897,1.138,2.571,3.842,1.376,0.852,2.620,3.249,3.499,5.804,10.835,
Heuchera americana var. hirsuticaulis,E1543,Tennessee,None,1.654,0.524,0.931,1.825,3.802,3.472,1.471,0.889,2.581,3.528,3.528,6.342,12.746,
Heuchera americana var. hispida,E1578,Alabama,None,0.000,0.000,0.000,1.596,6.725,,,,,,,,,
Heuchera americana var. hispida,E1578,Alabama,None,0.000,0.000,0.000,2.311,8.919,,,,,,,,,
Heuchera americana var. hispida,E1578,Alabama,None,0.000,0.000,0.000,1.372,3.766,,,,,,,,,
Heuchera americana var. hispida,E1573,Maryland,None,0.000,0.000,0.000,2.371,4.372,,,,,,,,,744.896
Heuchera americana var. hispida,E1573,Maryland,,0.000,0.000,0.000,2.132,4.694,,,,,,,,,
Heuchera americana var. hispida,E1573,Maryland,,0.000,0.000,0.000,2.949,5.805,,,,,,,,,
Heuchera americana var. hispida,E1926,North Carolina,,0.000,0.000,0.000,0.930,4.406,4.808,1.264,0.965,3.126,3.420,3.813,5.140,33.885,656.654
Heuchera americana var. hispida,E1926,North Carolina,,0.000,0.000,0.000,1.884,5.079,3.875,1.117,1.021,2.614,3.342,2.529,4.877,28.141,
Heuchera americana var. hispida,E1926,North Carolina,,0.000,0.000,0.000,1.518,5.625,3.182,0.792,0.364,2.751,2.510,3.182,5.239,24.856,
Heuchera americana var. hispida,E1927,North Carolina,None,0.000,0.000,0.000,1.459,6.526,,,,,,,,,403.991
Heuchera americana var. hispida,E1927,North Carolina,None,0.000,0.000,0.000,2.066,6.718,,,,,,,,,
Heuchera americana var. hispida,E1927,North Carolina,Medium,0.000,0.000,0.000,1.546,5.578,,,,,,,,,
Heuchera americana var. hispida,E1928,North Carolina,None,0.000,0.000,0.000,3.568,6.564,,,,,,,,19.951,780.055
Heuchera americana var. hispida,E1928,North Carolina,None,0.000,0.000,0.000,1.305,4.783,,,,,,,,14.801,
Heuchera americana var. hispida,E1928,North Carolina,None,0.000,0.000,0.000,1.330,6.955,,,,,,,,10.867,
Heuchera americana var. hispida,E1574,West Virginia,None,0.000,0.000,0.000,0.951,2.150,5.693,1.360,0.710,3.511,3.119,3.585,5.500,36.570,976.656
Heuchera americana var. hispida,E1574,West Virginia,None,0.000,0.000,0.000,1.291,2.096,4.793,1.274,0.785,2.677,2.805,3.264,4.017,28.460,
Heuchera americana var. hispida,E1574,West Virginia,None,0.000,0.000,0.000,1.085,2.002,4.762,1.327,1.057,2.699,2.461,3.723,4.958,25.548,
Heuchera americana var. hispida,E1575,West Virginia,None,0.000,0.000,0.000,1.254,3.082,3.710,1.548,1.476,2.489,2.914,1.985,3.027,18.521,810.525
Heuchera americana var. hispida,E1575,West Virginia,None,0.000,0.000,0.000,2.473,7.365,4.939,1.189,1.173,2.633,2.501,1.860,2.095,15.529,
Heuchera americana var. hispida,E1575,West Virginia,None,0.000,0.000,0.000,2.244,6.865,4.519,1.349,1.279,2.617,2.858,1.927,2.608,11.706,
Heuchera americana var. hispida,E1577,West Virginia,None,0.000,0.000,0.000,1.389,3.363,4.601,1.715,1.336,2.767,4.798,3.530,1.915,20.759,583.367
Heuchera americana var. hispida,E1577,West Virginia,None,0.000,0.000,0.000,1.740,4.839,5.389,2.197,1.547,2.552,4.862,3.405,3.187,15.480,638.927
Heuchera americana var. hispida,E1577,West Virginia,None,0.000,0.000,0.000,1.938,4.103,4.959,1.273,0.964,2.440,5.275,3.177,2.212,13.777,
Heuchera americana var. hispida,E1552,Virginia,Low,0.000,0.000,0.000,1.780,3.087,6.041,1.971,1.003,3.001,2.595,2.520,2.639,5.314,624.730
Heuchera americana var. hispida,E1552,Virginia,None,0.000,0.000,0.000,1.979,3.080,5.949,1.366,1.194,3.319,2.272,2.749,3.912,13.734,466.159
Heuchera americana var. hispida,E1552,Virginia,None,0.000,0.000,0.000,1.716,3.031,5.344,1.143,1.116,3.240,3.761,3.092,4.101,11.600,777.201
Heuchera americana var. hispida,E1572,Virginia,None,0.000,0.000,0.000,3.066,7.363,5.052,1.968,1.936,2.572,4.337,3.464,4.105,13.819,
Heuchera americana var. hispida,E1572,Virginia,None,0.000,0.000,0.000,2.761,5.684,5.723,1.159,1.140,3.169,4.035,4.767,2.091,10.799,
Heuchera americana var. hispida,E1572,Virginia,None,0.000,0.000,0.000,5.410,10.963,4.997,1.520,1.136,2.479,4.501,5.368,3.764,,
Heuchera americana var. hispida,E1553,Virginia,,0.000,0.000,0.000,1.929,5.050,7.080,1.812,1.246,4.262,2.320,2.008,1.193,15.382,715.052
Heuchera americana var. hispida,E1553,Virginia,,0.000,0.000,0.000,3.090,7.317,5.082,2.593,2.346,2.091,2.135,1.601,1.978,18.906,643.128
Heuchera americana var. hispida,E1553,Virginia,,0.000,0.000,0.000,1.688,5.849,4.975,2.846,2.202,2.260,1.939,1.796,4.144,12.096,628.040
Heuchera richardonsii,E1794,Colorado,None,0.000,0.000,0.000,1.143,3.257,,,,,,,,,493.509
Heuchera richardonsii,E1794,Colorado,None,0.000,0.000,0.000,1.123,2.677,,,,,,,,,
Heuchera richardonsii,E1794,Colorado,None,0.000,0.000,0.000,1.563,2.797,,,,,,,,,
Heuchera richardonsii,E542,Illinois,None,1.017,0.640,0.000,1.400,4.428,6.086,2.699,1.246,2.181,2.151,2.074,2.444,6.721,515.176
Heuchera richardonsii,E542,Illinois,None,1.062,0.727,0.000,1.346,4.496,,,,,1.908,1.266,3.717,6.088,
Heuchera richardonsii,E542,Illinois,None,1.494,0.981,0.000,1.651,4.952,,,,,2.160,,2.109,12.161,
Heuchera richardonsii,E640,Illinois,None,2.219,0.818,0.000,3.441,9.510,,,,,3.351,,1.161,13.969,743.215
Heuchera richardonsii,E640,Illinois,None,1.835,0.829,0.000,2.694,9.131,,,,,,,1.338,13.032,
Heuchera richardonsii,E640,Illinois,None,1.878,0.827,0.000,1.899,9.211,,,,,,,1.763,5.566,
Heuchera richardonsii,E641,Illinois,None,1.276,0.720,0.000,2.595,6.544,9.812,4.833,3.423,2.637,2.524,1.929,3.637,4.343,652.394
Heuchera richardonsii,E641,Illinois,None,1.197,0.814,0.000,,,,,,,1.231,,4.020,2.506,
Heuchera richardonsii,E641,Illinois,None,1.136,0.689,0.000,,,,,,,1.686,,3.288,3.384,
Heuchera richardonsii,E1795,Indiana,None,1.871,0.925,0.000,2.123,4.926,,,,,2.773,1.333,1.143,16.003,255.368
Heuchera richardonsii,E1795,Indiana,None,1.639,0.916,0.000,2.090,3.895,,,,,2.252,2.718,3.586,13.175,732.890
Heuchera richardonsii,E1795,Indiana,None,1.894,0.746,0.000,2.502,5.221,,,,,2.534,3.061,2.479,21.973,416.902
Heuchera richardonsii,E1796,Indiana,None,1.428,0.718,0.000,6.625,9.846,,,,,2.330,2.422,1.835,9.583,751.312
Heuchera richardonsii,E1796,Indiana,None,1.213,0.658,0.000,5.471,9.870,,,,,2.263,2.734,1.509,8.497,662.458
Heuchera richardonsii,E1796,Indiana,None,1.322,0.532,0.000,2.958,9.081,,,,,2.043,,1.417,14.193,
Heuchera richardonsii,E1781,Iowa,None,1.483,0.710,0.000,2.775,4.585,,,,,2.036,1.673,0.855,9.703,538.415
Heuchera richardonsii,E1781,Iowa,None,1.337,0.774,0.000,1.659,2.823,,,,,2.142,1.769,1.847,12.912,
Heuchera richardonsii,E1781,Iowa,None,1.367,0.534,0.000,1.855,2.855,,,,,1.126,,2.044,5.862,
Heuchera richardonsii,E1787,Iowa,None,1.786,0.681,0.000,1.681,6.854,,,,,1.827,1.601,1.505,21.293,860.534
Heuchera richardonsii,E1787,Iowa,None,1.941,0.514,0.000,2.670,4.817,,,,,1.177,,3.300,19.726,
Heuchera richardonsii,E1787,Iowa,None,1.326,0.858,0.000,1.441,4.495,,,,,1.868,,3.138,16.718,
Heuchera richardonsii,E1785,Iowa,None,2.361,1.113,0.000,1.620,5.310,8.073,4.150,3.259,2.342,1.679,0.810,4.986,11.977,630.359
Heuchera richardonsii,E1785,Iowa,None,1.787,0.972,0.000,2.219,6.045,6.308,3.523,2.944,2.215,1.837,,2.453,5.886,527.722
Heuchera richardonsii,E1785,Iowa,None,1.688,1.034,0.000,2.384,6.298,8.444,2.244,1.973,2.373,2.307,,3.176,14.425,
Heuchera richardonsii,E534,Kansas,None,1.594,0.743,0.000,2.605,4.228,,,,,1.423,,1.515,,489.582
Heuchera richardonsii,E534,Kansas,None,1.254,0.970,0.000,1.739,3.432,,,,,2.137,,2.423,,474.596
Heuchera richardonsii,E534,Kansas,None,1.653,0.735,0.000,1.349,3.918,,,,,1.875,,1.921,,
Heuchera richardonsii,E1797,Kansas,None,1.509,0.949,0.000,2.412,4.726,,,,,2.825,3.067,2.640,10.125,520.352
Heuchera richardonsii,E1797,Kansas,None,1.522,0.764,0.000,2.198,4.274,,,,,2.064,,2.867,13.656,
Heuchera richardonsii,E1797,Kansas,None,1.257,0.781,0.000,1.412,3.464,,,,,,,2.185,10.816,
Heuchera richardonsii,E1798,Minnesota,None,1.230,0.957,0.000,1.717,4.120,,,,,,,,,673.574
Heuchera richardonsii,E1798,Minnesota,None,1.440,0.630,0.000,2.282,6.228,,,,,,,,,
Heuchera richardonsii,E1798,Minnesota,None,0.988,0.934,0.000,2.899,5.935,,,,,,,,,
Heuchera richardonsii,E1799,Missouri,None,1.071,0.923,0.000,2.297,6.536,6.964,1.853,1.193,2.708,4.268,2.181,2.675,8.972,864.034
Heuchera richardonsii,E1799,Missouri,None,1.363,0.573,0.000,1.747,4.018,,,,,2.782,3.120,2.617,7.692,874.667
Heuchera richardonsii,E1799,Missouri,None,0.978,0.824,0.000,2.840,5.267,,,,,3.399,2.814,3.788,20.136,843.173
Heuchera richardonsii,E1800,Missouri,None,1.128,0.878,0.000,3.350,4.438,,,,,1.196,,2.279,13.216,380.751
Heuchera richardonsii,E1800,Missouri,None,1.112,0.775,0.000,2.709,4.230,,,,,2.251,,2.563,14.216,
Heuchera richardonsii,E1800,Missouri,None,1.344,0.701,0.000,2.182,3.323,,,,,2.291,,2.402,12.407,
Heuchera richardonsii,E1801,Missouri,,1.374,1.016,0.000,2.617,7.577,5.299,1.702,0.954,2.666,2.636,2.757,2.249,22.426,731.416
Heuchera richardonsii,E1801,Missouri,,1.714,0.979,0.000,2.417,6.398,4.880,,,2.169,3.461,3.678,2.167,9.999,
Heuchera richardonsii,E1801,Missouri,,1.300,0.865,0.000,,,6.612,3.356,2.870,2.991,3.908,3.356,5.630,13.242,
Heuchera richardonsii,E1802,North Dakota,None,1.092,0.626,0.000,1.969,4.882,,,,,,,1.702,,390.524
Heuchera richardonsii,E1802,North Dakota,None,1.175,0.437,0.000,2.607,4.766,,,,,,,2.251,,
Heuchera richardonsii,E1802,North Dakota,None,0.879,0.847,0.000,1.857,3.048,,,,,,,1.166,,
Heuchera richardonsii,E1803,North Dakota,None,1.092,0.766,0.000,2.954,9.386,8.036,3.644,3.190,3.250,1.992,,2.199,3.826,609.680
Heuchera richardonsii,E1803,North Dakota,None,1.685,0.745,0.000,3.372,8.653,6.975,3.794,2.045,3.104,1.880,,1.263,8.424,
Heuchera richardonsii,E1803,North Dakota,None,0.959,0.717,0.000,2.302,5.116,,,,,1.036,,1.211,4.008,
Heuchera richardonsii,E1804,Oklahoma,None,1.210,0.600,0.000,1.072,2.483,,,,,,,1.853,9.863,751.523
Heuchera richardonsii,E1804,Oklahoma,None,1.427,0.714,0.000,3.163,4.998,,,,,,,3.804,7.885,
Heuchera richardonsii,E1804,Oklahoma,None,1.210,0.778,0.000,1.544,3.549,,,,,,,1.600,6.305,
Heuchera richardonsii,E639,Saskatchewan,None,1.052,0.790,0.000,0.863,2.664,,,,,,,1.854,9.571,340.860
Heuchera richardonsii,E639,Saskatchewan,None,1.087,0.757,0.000,1.099,2.190,,,,,,,2.683,7.067,415.277
Heuchera richardonsii,E639,Saskatchewan,None,0.948,0.725,0.000,1.350,4.792,,,,,,,4.584,3.985,
Heuchera richardonsii,E1789,Wisconsin,None,1.429,0.767,0.000,2.629,5.133,6.108,2.728,2.066,3.328,1.991,1.639,2.804,25.578,634.133
Heuchera richardonsii,E1789,Wisconsin,None,1.289,0.890,0.000,2.526,4.715,,,,,2.154,,2.778,16.386,459.467
Heuchera richardonsii,E1789,Wisconsin,None,1.699,0.924,0.000,2.113,4.027,,,,,2.584,,2.049,,
Heuchera richardonsii,E1790,Wisconsin,None,2.136,1.245,0.000,2.560,5.907,5.055,2.039,1.062,2.657,3.063,2.925,5.057,10.571,680.000
Heuchera richardonsii,E1790,Wisconsin,None,2.069,1.136,0.000,2.774,7.820,5.450,2.458,0.726,3.345,2.224,2.429,2.649,7.810,676.717
Heuchera richardonsii,E1790,Wisconsin,None,1.576,1.190,0.000,2.287,4.876,5.073,2.083,1.101,2.843,1.802,2.566,2.855,9.659,
Heuchera richardonsii,E1791,Wisconsin,None,1.529,1.232,0.000,2.337,3.892,,,,,,3.337,5.104,9.189,826.359
Heuchera richardonsii,E1791,Wisconsin,None,1.552,1.078,0.000,3.301,5.911,,,,,,3.455,1.673,8.344,
Heuchera richardonsii,E1791,Wisconsin,None,1.402,0.719,0.000,3.358,6.563,,,,,,,5.079,11.857,
Heuchera richardonsii,E1805,South Dakota,None,,,,,,,,,,,,,,
Heuchera richardonsii,E1805,South Dakota,None,,,,,,,,,,,,,,
Heuchera richardonsii,E1805,South Dakota,None,,,,,,,,,,,,,,
